,total_bill,tip,size
min,3.07,1.0,1.0
max,50.81,10.0,6.0
mean,19.78594262295082,2.99827868852459,2.569672131147541
median,17.795,2.9,2.0
mode,[np.float64(13.42)],[np.float64(2.0)],[np.int64(2)]
