,total_bill,tip,size
total_bill,1.0,0.6757341092113647,0.5983151309049014
tip,0.6757341092113647,1.0,0.4892987752303574
size,0.5983151309049014,0.4892987752303574,1.0
