,total_bill,tip,sex,smoker,day,time,size,total_bill_cat
count,244.0,244.0,244,244,244,244,244.0,244
unique,,,2,2,4,2,,3
top,,,Male,No,Sat,Dinner,,Low
freq,,,157,151,87,176,,140
mean,19.78594262295082,2.99827868852459,,,,,2.569672131147541,
std,8.902411954856856,1.3836381890011822,,,,,0.9510998047322344,
min,3.07,1.0,,,,,1.0,
25%,13.3475,2.0,,,,,2.0,
50%,17.795,2.9,,,,,2.0,
75%,24.127499999999998,3.5625,,,,,3.0,
max,50.81,10.0,,,,,6.0,
