total_bill,tip,total_bill_scaled,tip_scaled
16.99,1.01,0.2915793883535819,0.0011111111111111183
10.34,1.66,0.15228320067029744,0.07333333333333333
21.01,3.5,0.37578550481776285,0.27777777777777773
23.68,3.31,0.4317134478424801,0.25666666666666665
24.59,3.61,0.4507750314201927,0.29
