,total_bill,tip,size
range,47.74,9.0,5.0
q1,13.3475,2.0,2.0
q3,24.127499999999998,3.5625,3.0
iqr,10.779999999999998,1.5625,1.0
variance,79.25293861397827,1.914454638062471,0.9045908385616945
std_dev,8.902411954856856,1.3836381890011822,0.9510998047322344
